id,firstname,lastname,email,country
100,Moyna,Alva,Moyna.Alva@gmail.com,United Arab Emirates
101,Carolina,Mintz,Carolina.Mintz@gmail.com,Austria
102,Nita,Soneson,Nita.Soneson@gmail.com,Cocos (Keeling) Islands
103,Teriann,Bouchard,Teriann.Bouchard@gmail.com,Guadeloupe
104,Lisette,Sisile,Lisette.Sisile@gmail.com,Guyana
105,Karlee,Bates,Karlee.Bates@gmail.com,Venezuela
106,Donetta,Ackerley,Donetta.Ackerley@gmail.com,Uruguay
107,Genevra,Ciapas,Genevra.Ciapas@gmail.com,India
108,Fayre,Ludewig,Fayre.Ludewig@gmail.com,Paraguay
109,Abbie,Kolnick,Abbie.Kolnick@gmail.com,Gibraltar