id,firstname,lastname,email,city
100,Charissa,Uund,Charissa.Uund@yopmail.com,Astana
101,Binny,Emmy,Binny.Emmy@yopmail.com,The Hague
102,Lindie,Klotz,Lindie.Klotz@yopmail.com,Toulouse
103,Felice,Gregrory,Felice.Gregrory@yopmail.com,Porto
104,Modestia,Casimir,Modestia.Casimir@yopmail.com,Ouagadougou
105,Cristine,Guthrie,Cristine.Guthrie@yopmail.com,Casablanca
106,Halette,Felizio,Halette.Felizio@yopmail.com,Manama
107,Justinn,Juliet,Justinn.Juliet@yopmail.com,Columbus
108,Laure,Kiyoshi,Laure.Kiyoshi@yopmail.com,Austin
109,Helena,Edmund,Helena.Edmund@yopmail.com,Rome
110,Chrystel,Horan,Chrystel.Horan@yopmail.com,Guadalajara
111,Eadie,Jerald,Eadie.Jerald@yopmail.com,Belmopan
112,Shandie,Schwejda,Shandie.Schwejda@yopmail.com,Chaguanas
113,Renae,Celestine,Renae.Celestine@yopmail.com,London
114,Shandie,Maryanne,Shandie.Maryanne@yopmail.com,Yaoundé
115,Vevay,Rooney,Vevay.Rooney@yopmail.com,Antananarivo
116,Darlleen,Donell,Darlleen.Donell@yopmail.com,Rosario
117,Ursulina,Ricarda,Ursulina.Ricarda@yopmail.com,Maseru
118,Claudina,Sheedy,Claudina.Sheedy@yopmail.com,Bloemfontein
119,Cecile,Parsaye,Cecile.Parsaye@yopmail.com,Warsaw